critic_id,first_name,middle_name,last_name,birth_place,birth_date,gender,country,works_as_critic,is_literary_scholar,is_writer
0,Rolf,,Becker,,,,,,,
1,Humbert,,Fink,,,,,,,
2,Gertrud,,Fussenegger,,,,,,,
3,Peter,,Härtling,,,,,,,
4,Alfred,,Kolleritsch,,,,,,,
5,Rudolf,Walter,Leonhardt,,,,,,,
6,Kuno,,Raeber,,,,,,,
7,Marcel,,Reich-Ranicki,,,,,,,
8,Manès,,Sperber,,,,,,,
9,Friedrich,,Torberg,,,,,,,
10,Heinrich,,Vormweg,,,,,,,
11,Hans,,Weigel,,,,,,,
12,Ernst,,Willner,,,,,,,
13,Kurt,,Kahl,,,,,,,
14,Adolf,,Muschg,,,,,,,
15,Hilde,,Spiel,,,,,,,
16,Wolfgang,,Werth,,,,,,,
17,Ernst,,Willer,,,,,,,
18,Alois,,Brandstetter,,,,,,,
19,Walter,,Jens,,,,,,,
20,Joachim,,Kaiser,,,,,,,
21,Otto,F.,Walter,,,,,,,
22,Ulrich,,Greiner,,,,,,,
23,Günter,,Kunert,,,,,,,
24,Klara,,Obermüller,,,,,,,
25,Hans,J.,Fröhlich,,,,,,,
26,Gerd,,Ueding,,,,,,,
27,Ulrich,,Weinzierl,,,,,,,
28,Martin,,Gregor-Dellin,,,,,,,
29,Walter,,Hinck,,,,,,,
30,Barbara,,Mantler-Bondy,,,,,,,
31,Sylvia,,Patsch,,,,,,,
32,Gert,,Ueding,,,,,,,
33,Wolfgang,,Kraus,,,,,,,
34,Manfred,,Mixner,,,,,,,
35,Friederike,,Roth,,,,,,,
36,Ingeborg,,Drewitz,,,,,,,
37,Peter,,Demetz,,,,,,,
38,Roman,,Rocek,,,,,,,
39,Manfred,,Dierks,,,,,,,
40,Jörg,,Drews,,,,,,,
41,Eckhard,,Henscheid,,,,,,,
42,Hellmuth,,Karasek,,,,,,,
43,Werner,,Liersch,,,,,,,
44,Sigrid,,Löffler,,,,,,,
45,Volkmar,,Parschalk,,,,,,,
46,Helga,,Schubert-Helm,,,,,,,
47,Reinhardt,,Stumm,,,,,,,
48,Herbert,,Zeman,,,,,,,
49,Volker,,Hage,,,,,,,
50,Andreas,,Isenschmid,,,,,,,
51,Urs,,Jaeggi,,,,,,,
52,Gisela,,Lindemann,,,,,,,
53,Gerhard,,Melzer,,,,,,,
54,Helga,,Schubert,,,,,,,
55,Karl,,Corino,Ehingen/Mittelfranken,1942-11-12,male,Deutschland,True,False,True
56,Werner,,Krause,,,,,,,
57,Peter,von,Matt,,,,,,,
58,Heinz,,Schwarzinger,,,,,,,
59,Marlis,,Gerhardt,,,,,,,
60,Nils,,Jensen,,,,,,,
61,Roberto,,Cazzola,,,,,,,
62,Wolf,,Donner,,,,,,,
63,Stefan,,Richter,,,,,,,
64,Klaus,,Amann,,,,,,,
65,Verena,,Auffermann,,,,,,,
66,Jurek,,Becker,,,,,,,
67,Konstanze,,Fliedl,Linz,1955-08-07,female,Österreich,,,True
68,Angela,,Praesent,,,,,,,
69,Wilfried,,Schoeller,,,,,,,
70,Maxim,,Biller,,,,,,,
71,Iso,,Camartin,,,,,,,
72,Werner,,Fuld,,,,,,,
73,Wilfrted,,Schoeller,,,,,,,
74,Hans,Christoph,Buch,,,,,,,
75,Andreas,,Isenchmid,,,,,,,
76,Angela,,Preasent,,,,,,,
77,Thomas,,Rothschild,,,,,,,
78,Thomas,,Hettche,,,,,,,
79,Iris,,Radisch,Berlin,1959-07-02,female,Deutschland,True,False,True
80,Ferdinand,,Schmatz,,,,,,,
81,Franz,,Haas,,,,,,,
82,Christoph,,Kuhn,,,,,,,
83,Hardy,,Ruoss,,,,,,,
84,Sabine,,Scholl,,,,,,,
85,Silvia,,Bovenschen,,,,,,,
86,Barbara,,Frischmuth,,,,,,,
87,Ulrike,,Längle,,,,,,,
88,Robert,,Schindel,Bad Hall,1944-04-04,male,Österreich,False,False,True
89,Dieter,,Bachmann,,,,,,,
90,Elisabeth,,Bronfen,München,1958-04-23,female,Deutschland,,True,
91,Denis,,Scheck,Stuttgart,1964-12-15,male,Deutschland,True,True,
92,Burkhard,,Spinnen,Mönchengladbach,1956-12-28,male,Deutschland,True,True,True
93,Pia,,Reinacher,Luzern,1954-07-01,female,Schweiz,True,True,
94,Birgit,,Vanderbeke,Dahme/Mark,1956-08-08,female,Deutschland,,,True
95,Thomas,,Widmer,,1962-07-01,male,Schweiz,True,True,True
96,Josef,,Haslinger,Zwettl,1955-07-05,male,Österreich,,True,True
97,Friederike,,Kretzen,Leverkusen,1956-07-20,female,Deutschland,,False,True
98,Norbert,,Miller,München,1937-05-14,male,Deutschland,,True,
99,Ursula,,März,Herzogenaurach,1957-07-01,female,Deutschland,True,False,True
100,Ilma,,Rakusa,Rimavská Sobota (Slowakei),1946-01-02,female,Schweiz,,True,True
101,Thomas,,Steinfeld,Leverkusen,1954-05-02,male,Deutschland,True,True,True
102,Daniela,,Strigl,Wien,1964-07-01,female,Österreich,True,True,False
103,Heinrich,,Detering,Neumünster,1959-11-01,male,Deutschland,,True,True
104,Martin,,Ebel,Köln,1955-07-01,male,Schweiz,True,,
105,Klaus,,Nüchtern,Linz,1961-11-20,male,Österreich,True,False,True
106,Andre,Vladimir,Heiz,Langenthal,1951-08-27,male,Schweiz,False,True,True
107,Ijoma,,Mangold,Heidelberg,1971-03-02,male,Deutschland,True,False,True
108,Alain,Claude,Sulzer,Riehen,1953-02-17,male,Schweiz,False,False,True
109,Meike,,Feßmann,München,1961-07-01,female,Deutschland,True,False,True
110,Karin,,Fleischanderl,Steyr,1960-12-29,female,Österreich,False,False,True
111,Paul,,Jandl,Wien,1962-07-01,male,Österreich,True,True,False
112,Hildegard,Elisabeth,Keller,St. Gallen,1960-07-01,female,Schweiz,True,True,True
113,Hubert,,Winkels,Gohr bei Düsseldorf,1955-05-13,male,Deutschland,True,True,True
114,Corina,,Caduff,Chur,1965-07-01,female,Schweiz,True,True,True
115,Juri,,Steiner,Lausanne,1969-07-01,male,Schweiz,True,,
116,Stefan,,Gmünder,Bern,1965-07-01,male,Schweiz,True,,
117,Klaus,,Kastberger,Gmunden,1963-04-19,male,Österreich,True,True,
118,Sandra,,Kegel,Frankfurt/Main,1970-09-03,female,Deutschland,True,False,False
119,Michael,,Wiederstein,Gummersbach,1983-07-01,male,Deutschland,True,False,False
120,Nora,,Gomringer,Neunkirchen/Saar,1980-01-26,female,Deutschland,False,False,True
121,Insa,,Wilke,Bremerhaven,1978-07-01,female,Deutschland,True,True,False
122,Brigitte,,Schwens-Harrant,Wels,1967-07-01,female,Österreich,True,True,
123,Philipp,,Tingler,Berlin,1970-07-01,male,Schweiz,True,False,True
124,Arno,,Dusini,Meran,1962-07-01,male,Österreich,False,True,False
